2022-03-09  21:30:39,0
2022-03-09  21:31:18,0
2022-03-09  21:31:41,0
2022-03-09  21:31:41,0
2022-03-09  21:31:42,0
2022-03-09  21:31:42,0
2022-03-09  21:31:43,0
2022-03-09  21:31:43,0
2022-03-09  21:31:44,0
2022-03-09  21:31:44,0
2022-03-09  21:31:45,0
2022-03-09  21:31:45,0
2022-03-09  21:31:46,0
2022-03-09  21:31:46,376
2022-03-09  21:31:47,387
2022-03-09  21:31:47,378
2022-03-09  21:31:48,389
2022-03-09  21:31:48,378
2022-03-09  21:31:49,352
2022-03-09  21:31:49,364
2022-03-09  21:31:50,380
2022-03-09  21:31:50,371
2022-03-09  21:31:51,358
2022-03-09  21:31:51,360
2022-03-09  21:31:52,388
2022-03-09  21:31:52,364
2022-03-09  21:31:53,341
2022-03-09  21:31:53,353
2022-03-09  21:31:54,376
2022-03-09  21:31:54,350
2022-03-09  21:31:55,313
2022-03-09  21:31:55,350
2022-03-09  21:31:56,374
2022-03-09  21:31:56,0
2022-03-09  21:31:57,0
2022-03-09  21:31:57,0
2022-03-09  21:31:58,0
2022-03-09  21:31:58,0
2022-03-09  21:31:59,0
2022-03-09  21:31:59,0
2022-03-09  21:32:00,0
2022-03-09  21:32:00,0
2022-03-09  21:32:01,0
2022-03-09  21:32:01,0
2022-03-09  21:32:02,0
2022-03-09  21:32:02,0
2022-03-09  21:32:03,0
2022-03-09  21:32:03,0
2022-03-09  21:32:04,0
2022-03-09  21:32:04,0
2022-03-09  21:32:05,0
2022-03-09  21:32:05,0
2022-03-09  21:32:06,0
2022-03-09  21:32:06,0
2022-03-09  21:32:07,0
2022-03-09  21:32:07,0
2022-03-09  21:32:08,0
2022-03-09  21:32:08,0
2022-03-09  21:32:09,858
2022-03-09  21:32:09,857
2022-03-09  21:32:10,858
2022-03-09  21:32:10,858
2022-03-09  21:32:11,857
2022-03-09  21:32:11,857
2022-03-09  21:32:12,858
2022-03-09  21:32:12,857
2022-03-09  21:32:13,857
2022-03-09  21:32:13,858
2022-03-09  21:32:14,858
2022-03-09  21:32:14,858
2022-03-09  21:32:15,858
2022-03-09  21:32:15,856
2022-03-09  21:32:16,859
2022-03-09  21:32:16,182
2022-03-09  21:32:17,861
2022-03-09  21:32:17,857
2022-03-09  21:32:18,855
2022-03-09  21:32:18,859
2022-03-09  21:32:19,342
2022-03-09  21:32:19,314
2022-03-09  21:32:20,295
2022-03-09  21:32:20,861
2022-03-09  21:32:21,860
2022-03-09  21:32:21,308
2022-03-09  21:32:22,0
2022-03-09  21:32:22,0
2022-03-09  21:32:23,0
2022-03-09  21:32:23,0
2022-03-09  21:32:24,0
2022-03-09  21:32:24,0
2022-03-09  21:32:25,0
2022-03-09  21:32:25,0
2022-03-09  21:32:26,0
2022-03-09  21:32:26,0
2022-03-09  21:32:27,0
2022-03-09  21:32:27,0
2022-03-09  21:32:28,0
2022-03-09  21:32:28,0
2022-03-09  21:32:29,0
2022-03-09  21:32:29,0
2022-03-09  21:32:30,0
2022-03-09  21:32:30,0
2022-03-09  21:32:31,0
2022-03-09  21:32:31,0
2022-03-09  21:32:32,0
2022-03-09  21:32:32,0
2022-03-09  21:32:33,0
2022-03-09  21:32:33,0
2022-03-09  21:32:34,0
2022-03-09  21:32:34,0
2022-03-09  21:32:35,0
2022-03-09  21:32:35,0
2022-03-09  21:32:36,0
2022-03-09  21:32:36,0
2022-03-09  21:32:37,0
2022-03-09  21:32:37,0
2022-03-09  21:32:38,0
2022-03-09  21:32:38,0
2022-03-09  21:32:39,0
2022-03-09  21:32:39,0
2022-03-09  21:32:40,0
2022-03-09  21:32:40,0
2022-03-09  21:32:41,0
2022-03-09  21:32:41,0
2022-03-09  21:32:42,0
2022-03-09  21:32:42,0
2022-03-09  21:32:43,0
2022-03-09  21:32:43,0
2022-03-09  21:32:44,0
2022-03-09  21:32:44,0
2022-03-09  21:32:45,0
2022-03-09  21:32:45,0
2022-03-10  12:57:36,0
2022-03-10  12:57:37,0
2022-03-10  12:57:37,0
2022-03-10  12:57:38,0
2022-03-10  12:57:38,246
2022-03-10  12:57:39,188
2022-03-10  12:57:39,0
2022-03-10  12:57:40,0
2022-03-10  12:57:40,0
2022-03-10  12:57:41,0
2022-03-10  12:57:41,0
